acreage,participant by year,participant overall,latitude,longitude
0.17217631,2021-1,2021-1,35.1245030000,-106.6794310000
0.04591368,2021-2,2021-2,35.0713420000,-106.6168030000
0.03443526,2021-3,2021-3,35.0713480000,-106.6168490000
0.02295684,2021-4,2021-4,35.1022450000,-106.6659740000
0.11478421,2021-5,2021-5,35.1243512000,-106.5076800000
0.02754821,2021-6,2021-6,35.1022450000,-106.6659740000
0.0573921,2021-7,2021-7,35.0995005000,-106.6761211000
0.99862259,2021-8,2021-8,35.1175268000,-106.6669887000
0.03443526,2021-9,2021-9,35.0994900000,-106.6739500000
0.71166208,2021-10,2021-10,35.0997491000,-106.4923351000
0.00344353,2021-11,2021-11,35.0708565000,-106.5906460000
0.11478421,2021-12,2021-12,35.2400722000,-106.6270133000
0.11478421,2021-13,2021-13,35.1485815000,-106.4857081000
0.99862259,2021-14,2021-14,35.1140227000,-106.5450408000
0.50505051,2021-15,2021-15,35.1486080000,-106.4835150000
0.11478421,2021-16,2021-16,35.1140230000,-106.5450410000
0.50505051,2021-17,2021-17,35.1128530000,-106.6695740000
0.25252525,2021-18,2021-18,35.1239863000,-106.6673981000
0.25252525,2021-19,2021-19,35.0907391000,-106.5755811000
0.0573921,2021-20,2021-20,35.1263628000,-106.6536591000
0.25252525,2021-21,2021-21,35.1240001000,-106.6878942000
0.11478421,2021-22,2021-22,35.1228810000,-106.6792827000
0.17217631,2021-23,2021-23,35.0947424000,-106.4912832000
0.17217631,2021-24,2021-24,35.1653597000,-106.3148341000
0.11478421,2021-25,2021-25,35.0807289000,-106.6433618000
0.50505051,2021-26,2021-26,35.1121369000,-106.5080665000
0.0573921,2021-27,2021-27,35.1216461000,-106.5766859000
0.11478421,2021-28,2021-28,35.1259450000,-106.5043240000
0.50505051,2021-29,2021-29,35.0689317000,-106.6251198000
0.17217631,2021-30,2021-30,35.1535848000,-106.6353889000
0.25252525,2021-31,2021-31,35.0964180000,-106.5908730000
0.50505051,2021-32,2021-32,35.0688934000,-106.4472619000
0.0573921,2021-33,2021-33,35.1505590000,-106.6560020000
0.50505051,2021-34,2021-34,35.2249018000,-106.6096530000
0.25252525,2021-35,2021-35,35.0595138000,-106.5955239000
0.11478421,2021-36,2021-36,35.2211313000,-106.6136130000
0.25252525,2021-37,2021-37,35.1078429000,-106.6806770000
1.14784206,2021-38,2021-38,35.1092530000,-106.3297873000
0.03443526,2021-39,2021-39,35.1300930000,-106.7194561000
0.99862259,2021-40,2021-40,35.1564237000,-106.7069207000
0.01147842,2021-41,2021-41,35.0975349000,-106.6801620000
0.03443526,2021-42,2021-42,35.0964901000,-106.5733252000
0.25252525,2021-43,2021-43,35.0994369000,-106.5149788000
0.25252525,2021-44,2021-44,35.1495659000,-106.5150907000
0.17217631,2021-45,2021-45,35.1458419000,-106.5079491000
0.03443526,2021-46,2021-46,35.1090686000,-106.6763841000
0.0573921,2021-47,2021-47,35.0595455000,-106.5252659000
0.0573921,2021-48,2021-48,35.0941590000,-106.5760490000
0.03443526,2021-49,2021-49,35.1175500000,-106.5883150000
0.03443526,2021-50,2021-50,35.1222380000,-106.5302200000
0.11478421,2021-51,2021-51,35.2107160000,-106.6713420000
0.0573921,2021-52,2021-52,35.1129320000,-106.3683770000
0.50505051,2021-53,2021-53,35.0611970000,-106.5751560000
3,2021-54,2021-54,35.3136670000,-106.5084030000
0.0573921,2021-55,2021-55,35.1009630000,-106.6723740000
1.93985308,2021-56,2021-56,34.9659232000,-106.6979425000
0.01147842,2021-57,2021-57,35.0853003000,-106.7005722000
4,2021-58,2021-58,35.0664231000,-106.6043549000
0.02295684,2021-59,2021-59,35.1262723000,-106.5393029000
0.0573921,2021-60,2021-60,35.1194863000,-106.5524235000
0.01147842,2021-61,2021-61,35.1342544000,-106.6617252000
0.00229568,2021-62,2021-62,35.1407560000,-106.6493710000
0.00459137,2021-63,2021-63,35.1244629000,-106.5809144000
0.087236,2021-64,2021-64,35.1603376000,-106.6427171000
0.17217631,2021-65,2021-65,35.1411279000,-106.6509583000
0.50505051,2021-66,2021-66,35.1138888000,-106.6593642000
0.03443526,2021-67,2021-67,35.0812993000,-106.4941557000
0.25252525,2021-68,2021-68,35.2764068000,-106.6077651000
0.02295684,2021-69,2021-69,35.1355679000,-106.5324006000
0.25252525,2021-70,2021-70,35.0744483000,-106.6019104000
0.03443526,2021-71,2021-71,35.0932710000,-106.5509054000
0.11478421,2021-72,2021-72,35.0817486000,-106.5977026000
0.01147842,2021-73,2021-73,35.1934274000,-106.6279462000
0.11478421,2021-74,2021-74,35.1126759000,-106.4931418000
0.17217631,2021-75,2021-75,35.0580074000,-106.6756334000
0.02295684,2021-76,2021-76,35.0935656000,-106.5864467000
0.50505051,2021-77,2021-77,35.1398864000,-106.6455604000
0.00459137,2021-78,2021-78,35.1329634000,-106.6726108000
0.25252525,2021-79,2021-79,35.1489795000,-106.6687409000
0.0573921,2021-80,2021-80,35.1153730000,-106.4923211000
25,2021-81,2021-81,35.1471801000,-106.5059578000
0.03443526,2021-82,2021-82,35.0981853000,-106.6642713000
0.02295684,2021-83,2021-83,35.0616062000,-106.5912302000
0.11478421,2021-84,2021-84,35.1326530000,-106.6609310000
0.05,2021-85,2021-85,35.1550359000,-106.6815071000
0.25252525,2021-86,2021-86,35.0869700000,-106.6217017000
0.0573921,2021-87,2021-87,35.1815504000,-106.6253992000
0.0573921,2021-88,2021-88,35.0669111000,-106.6897799000
0.25252525,2021-89,2021-89,34.1689000000,-106.5082034000
1.26262626,2021-90,2021-90,35.1342130000,-106.5103477000
0.50505051,2021-91,2021-91,35.0679039000,-106.5821172000
0.0573921,2021-92,2021-92,35.1146925000,-106.6715481000
0.0573921,2021-93,2021-93,35.0898621000,-106.5633304000
0.11478421,2021-94,2021-94,35.1261707000,-106.6842155000
0.04591368,2021-95,2021-95,35.1128456000,-106.5503076000
0.25252525,2021-96,2021-96,35.1557346000,-106.6396690000
0.0573921,2021-97,2021-97,35.1324158000,-106.6550138000
1.01010101,2021-98,2021-98,35.1262660000,-106.6805765000
0.0573921,2021-99,2021-99,35.0908510000,-106.6439145000
0.98714417,2021-100,2021-100,35.0978335000,-106.5958164000
0.11478421,2021-101,2021-101,35.1709987000,-106.6364615000
0.0573921,2021-102,2021-102,35.1120733000,-106.5641551000
0.50505051,2021-103,2021-103,35.0846638000,-106.6067036000
0.11478421,2021-104,2021-104,35.3368225000,-106.4874861000
0.0573921,2021-105,2021-105,35.0852217000,-106.6092846000
2,2021-106,2021-106,35.1316967000,-106.6660650000
0.11478421,2021-107,2021-107,35.0954101000,-106.6177113000
1.03305785,2021-108,2021-108,35.1684070000,-106.5587313000
0.02295684,2021-109,2021-109,35.1272704000,-106.6816808000
0.11478421,2021-110,2021-110,35.1650913000,-106.6561191000
1.01010101,2021-111,2021-111,35.1854729000,-106.5325846000
1.01010101,2021-112,2021-112,35.0594583000,-106.5938544000
0.50505051,2021-113,2021-113,34.9961426000,-106.6849755000
0.01147842,2021-114,2021-114,35.1601727000,-106.7105187000
2.0661157,2021-115,2021-115,35.1145257000,-106.5346538000
0.03443526,2021-116,2021-116,35.0940319000,-106.5938595000
0.01147842,2021-117,2021-117,35.0695423000,-106.5860316000
0.11478421,2021-118,2021-118,35.0892546000,-106.6635804000
0.11478421,2021-119,2021-119,35.1875007000,-106.5303291000
0.0573921,2021-120,2021-120,35.1006357000,-106.5940651000
1.01010101,2021-121,2021-121,35.0014603000,-106.6974582000
0.02295684,2022-1,2022-122,35.1202078000,-106.6785038000
0.50505051,2022-2,2022-123,35.0936974000,-106.5938595000
0.25252525,2022-3,2022-124,35.0641794000,-106.5994252000
0.17217631,2022-4,2022-125,35.0856570000,-106.5999378000
0.01147842,2022-5,2022-126,35.0618753000,-106.5922872000
0.00459137,2022-6,2022-127,35.0899389000,-106.6123709000
0.17217631,2022-7,2022-128,35.1752820000,-106.6979895000
0.03443526,2022-8,2022-129,35.1230598000,-106.5813370000
0.25252525,2022-9,2022-130,35.1175948000,-106.6841464000
0.11478421,2022-10,2022-131,35.1922754000,-106.7353456000
0.17217631,2022-11,2022-132,35.1210489000,-106.5551913000
0.11478421,2022-12,2022-133,35.1118861000,-106.6845873000
0.00114784,2022-13,2022-134,35.0462177000,-106.5000668000
0.17217631,2022-14,2022-135,35.1176242000,-106.6413889000
0.98714417,2022-15,2022-136,35.0907803000,-106.6649161000
0.00114784,2022-16,2022-137,35.1245105000,-106.6564975000
0.02295684,2022-17,2022-138,35.0661308000,-106.5849291000
0.02295684,2022-18,2022-139,35.0951175000,-106.6177113000
0.0573921,2022-19,2022-140,35.1219070000,-106.5332837000
0.0573921,2022-20,2022-141,35.1398565000,-106.5542558000
0.01147842,2022-21,2022-142,35.0816647000,-106.6127871000
0.5,2022-22,2022-143,35.0947957000,-106.6687850000
0.0573921,2022-23,2022-144,35.3157367000,-106.6073276000
0.02295684,2022-24,2022-145,35.0871284000,-106.6118172000
0.50505051,2022-25,2022-146,35.0831452000,-106.5997097000
0.11478421,2022-26,2022-147,35.0988383000,-106.6412433000
0.0573921,2022-27,2022-148,35.0953258000,-106.6826724000
0.01147842,2022-28,2022-149,35.0713442000,-106.6184445000
0.17217631,2022-29,2022-150,35.0674265000,-106.5906872000
0.03443526,2022-30,2022-151,35.1160107000,-106.6567179000
0.0573921,2022-31,2022-152,35.0563241000,-106.5735093000
0.50505051,2022-32,2022-153,35.0936378000,-106.6553362000
0.98714417,2022-33,2022-154,35.2986874000,-106.5967603000
0.50505051,2022-34,2022-155,35.1149007000,-106.5879618000
0.0573921,2022-35,2022-156,35.0822205000,-106.5993409000
0.03443526,2022-36,2022-157,35.0711724000,-106.6042058000
0.03443526,2022-37,2022-158,35.1323240000,-106.6594310000
0.25252525,2022-38,2022-159,35.0911155000,-106.5673450000
0.01147842,2022-39,2022-160,35.1369305000,-106.5256802000
0.0573921,2022-40,2022-161,35.1924026000,"-106.677427,17"
0.25252525,2022-41,2022-162,35.3306924000,-106.5329989000
0.01147842,2022-42,2022-163,35.3085782000,-106.7231417000
0.0573921,2022-43,2022-164,35.2251346000,-106.6912631000
0.02295684,2022-44,2022-165,35.2216920000,-106.6448890000
0.11478421,2022-45,2022-166,35.3422498000,-106.6058817000
1.01010101,2022-46,2022-167,35.1136077000,-106.6733876000
0.11478421,2022-47,2022-168,35.0791698000,-106.6888911000
0.03443526,2022-48,2022-169,35.1847559000,-106.6592666000
0.02295684,2022-49,2022-170,35.3110685000,-106.5736014000
0.50505051,2022-50,2022-171,35.0818355000,-106.5995227000
0.02295684,2022-51,2022-172,35.0958432000,-106.6190928000
0.0573921,2022-52,2022-173,35.0846944000,-106.5979977000
0.0573921,2022-53,2022-174,35.0595393000,-106.5940390000
0.0573921,2022-54,2022-175,34.8613899000,-106.7015717000
0.0573921,2022-55,2022-176,35.1458336000,-106.6525687000
0.02295684,2022-56,2022-177,35.1583723000,-106.7041530000
1.01010101,2022-57,2022-178,35.0919512000,-106.6723316000
0.00114784,2022-58,2022-179,35.1024411000,-106.7206079000
0.25252525,2022-59,2022-180,35.0934875000,-106.5010051000
0.00229568,2022-60,2022-181,35.0937956000,-106.6099725000
0.01147842,2022-61,2022-182,35.1243564000,-106.5827563000
0.11478421,2022-62,2022-183,35.0982139000,-106.5828094000
0.03443526,2022-63,2022-184,35.0838848000,-106.6660734000
0.03443526,2022-64,2022-185,35.0964869000,-106.5554168000
0.17217631,2022-65,2022-186,35.2919468000,-106.5986941000
0.03443526,2022-66,2022-187,35.1244281000,-106.6816494000
0.25252525,2022-67,2022-188,35.1316976000,-106.6710880000
0.2525,2022-68,2022-189,35.1473493000,-106.5663504000
0.01147842,2022-69,2022-190,35.0671061000,-106.6114488000
0.0573921,2022-70,2022-191,35.1669800000,-106.5358814000
0.25252525,2022-71,2022-192,35.1188120000,-106.6554210000
0.17217631,2022-72,2022-193,35.2170280000,-106.6702260000
0.17217631,2022-73,2022-194,34.9765582000,-106.7225428000
0.02295684,2022-74,2022-195,35.0917900000,-106.4912305000
0.25252525,2022-75,2022-196,35.0663682000,-106.6102665000
0.0573921,2022-76,2022-197,35.1727361000,-106.6442368000
0.0573921,2022-77,2022-198,35.0823287000,-106.6812285000
0.50505051,2022-78,2022-199,35.0885760000,-106.6603980000
0.0573921,2022-79,2022-200,35.1698700000,-106.5557020000
0.17217631,2022-80,2022-201,35.2288689000,-106.6413815000
0.0573921,2022-81,2022-202,35.0670609000,-106.6110467000
0.03443526,2022-82,2022-203,35.1327832000,-106.6515135000
0.00229568,2022-83,2022-204,35.0804113000,-106.6313421000
0.11478421,2022-84,2022-205,35.0998255000,-106.5960696000
0.0573921,2022-85,2022-206,35.1242498000,-106.5730097000
0.02295684,2022-86,2022-207,35.1553965000,-106.6933178000
0.0573921,2022-87,2022-208,35.1277057000,-106.6800140000
0.25252525,2022-88,2022-209,35.2273396000,-106.6757631000
0.17217631,2022-89,2022-210,35.1393080000,-106.6396264000
0.50505051,2022-90,2022-211,35.1526815000,-106.3523159000
0.11478421,2022-91,2022-212,35.0689623000,-106.6166982000
0.50505051,2022-92,2022-213,35.0802779000,-106.6649164000
0.02295684,2022-93,2022-214,35.0601573000,-106.6900482000
0.11478421,2022-94,2022-215,35.1276094000,-106.5812115000
0.50505051,2022-95,2022-216,35.2664586000,-106.7246621000
0.0573921,2022-96,2022-217,35.1788308000,-106.5490180000
0.50505051,2022-97,2022-218,35.1654090000,-106.5413747000
0.02295684,2022-98,2022-219,35.0836072000,-106.6028288000
0.11478421,2022-99,2022-220,35.1873997000,-106.3233901000
0.00114784,2022-100,2022-221,35.1921581000,-106.3234360000
1,2022-101,2022-222,35.1785097000,-106.6885914000
1.3,2022-102,2022-223,35.0904676000,-106.6656530000
0.01147842,2022-103,2022-224,35.1364758000,-106.4915987000
0.0573921,2022-104,2022-225,35.0810600000,-106.6436250000
0.0573921,2022-105,2022-226,36.9018290000,-104.4027670000
0.08,2022-106,2022-227,35.1233958000,-106.6783186000
0.50505051,2023-1,2023-228,35.0923883000,-106.4977946000
0.0573921,2023-2,2023-229,35.1143333000,-106.6738433000
0.0573921,2023-3,2023-230,35.1262213000,-106.6676468000
0.02295684,2023-4,2023-231,35.1386556000,-106.5518346000
0.03443526,2023-5,2023-232,35.0554334000,-106.6471061000
0.00114784,2023-6,2023-233,35.0627123000,-106.5080639000
0.50505051,2023-7,2023-234,35.0694587000,-106.6170790000
0.03443526,2023-8,2023-235,35.0008322000,-106.6686876000
0.01147842,2023-9,2023-236,34.9895860000,-106.6712480000
0.00229568,2023-10,2023-237,35.2915354000,-106.5942918000
0.01147842,2023-11,2023-238,35.0917325000,-106.5942457000
0.17217631,2023-12,2023-239,35.0622421000,-106.6062634000
0.00459137,2023-13,2023-240,35.0948887000,-106.5773963000
0.01147842,2023-14,2023-241,35.1128273000,-106.6803461000
0.11478421,2023-15,2023-242,35.1245143000,-106.5050435000
0.25252525,2023-16,2023-243,35.1650581000,-106.5131327000
0.03443526,2023-17,2023-244,35.1565290000,-106.3282988000
0.25252525,2023-18,2023-245,35.1517740000,-106.5577989000
2,2023-19,2023-246,35.1057189000,-106.4941660000
1,2023-20,2023-247,35.0994906000,-106.5907925000
0.03443526,2023-21,2023-248,35.1357883000,-106.6643811000
0.01147842,2023-22,2023-249,35.1587109000,-106.6530281000
0.50505051,2023-23,2023-250,35.1982829000,-106.6382907000
0.25252525,2023-24,2023-251,35.0646858000,-106.6016588000
0.50505051,2023-25,2023-252,35.0689276000,-106.5970544000
0.5,2023-26,2023-253,35.1186550000,-106.6750080000
0.0573921,2023-27,2023-254,35.1762100000,-106.6944930000
0.00459137,2023-28,2023-255,35.1663300000,-106.6406110000
0.02295684,2023-29,2023-256,35.1418200000,-106.6465580000
0.50505051,2023-30,2023-257,35.1336080000,-106.5394640000
0.0573921,2023-31,2023-258,35.1118650000,-106.5940080000
0.11478421,2023-32,2023-259,35.8839700000,-106.3281910000
0.0573921,2023-33,2023-260,35.2358560000,-106.6523040000
0.02295684,2023-34,2023-261,35.0098459000,-106.6713821000
0.00459137,2023-35,2023-262,35.0880083000,-106.5380802000
0.01147842,2023-36,2023-263,35.1908807000,-106.6070462000
0.02295684,2023-37,2023-264,35.0968438000,-106.6186040000
0.50505051,2023-38,2023-265,35.1864855000,-106.5684170000
0.03443526,2023-39,2023-266,35.0733994000,-106.6143676000
0.02295684,2023-40,2023-267,35.0603091000,-106.5423612000
0.0573921,2023-41,2023-268,35.0733546000,-106.6009205000
0.03443526,2023-42,2023-269,35.0908354000,-106.6592687000
0.0573921,2023-43,2023-270,35.0641602000,-106.5776719000
0.0573921,2023-44,2023-271,35.0699847000,-106.4930664000
0.11478421,2023-45,2023-272,35.0710362000,-106.6180975000
0.0573921,2023-46,2023-273,35.0666887000,-106.6113332000
0.0573921,2023-47,2023-274,35.1026021000,-106.4955056000
0.00459137,2023-48,2023-275,35.0860309000,-106.5983823000
0.11478421,2023-49,2023-276,35.0547737000,-106.5106966000
0.01147842,2023-50,2023-277,35.1354207000,-106.5731838000
0.25252525,2023-51,2023-278,35.1335321000,-106.6462810000
0.02295684,2023-52,2023-279,35.1617289000,-106.5884334000
0.02295684,2023-53,2023-280,34.9709483000,-106.6777760000
0.00459137,2023-54,2023-281,35.2164372000,-106.7003095000
1.6,2023-55,2023-282,35.0727023000,-106.6156656000
0.01147842,2023-56,2023-283,35.0451773000,-106.5131788000
0.03443526,2023-57,2023-284,35.1015187000,-106.6768131000
0.01147842,2023-58,2023-285,35.2149673000,-106.7272481000
0.50505051,2023-59,2023-286,35.1476511000,-106.6485146000
0.03443526,2023-60,2023-287,35.0839715000,-106.5021657000
0.25252525,2023-61,2023-288,35.0868350000,-106.5980740000
0.03443526,2023-62,2023-289,35.0940560000,-106.5789630000
0.00068871,2023-63,2023-290,35.0891380000,-106.5097290000
0.02295684,2023-64,2023-291,35.1879130000,-106.6291530000
0.0573921,2023-65,2023-292,35.2552500000,-106.5992680000
0.68870523,2023-66,2023-293,35.0236830000,-106.6854830000
1.01010101,2023-67,2023-294,35.1095010000,-106.6777010000
0.50505051,2023-68,2023-295,35.1722480000,-106.5386710000
0.17217631,2023-69,2023-296,35.1281020000,-106.4926550000
0.0573921,2023-70,2023-297,35.1480150000,-106.5159840000
0.25252525,2023-71,2023-298,35.1769090000,-106.6814740000
0.0573921,2023-72,2023-299,35.1142360000,-106.5450350000
0.0573921,2023-73,2023-300,35.1124810000,-106.6718470000
0.02295684,2023-74,2023-301,35.1248560000,-106.5808050000
0.0573921,2023-75,2023-302,35.0893480000,-106.6547420000
0.02295684,2023-76,2023-303,35.0985780000,-106.5926430000
0.03741965,2023-77,2023-304,35.0646520000,-106.5988770000
0.01147842,2023-78,2023-305,35.0944950000,-106.6743340000
0.11478421,2023-79,2023-306,35.1008960000,-106.5530920000
0.01147842,2023-80,2023-307,35.1361600000,-106.6592510000
0.01147842,2023-81,2023-308,35.2267440000,-106.6341270000
0.50505051,2023-82,2023-309,35.1710000000,-106.5484010000
0.98714417,2023-83,2023-310,35.0823970000,-106.5893690000
0.25252525,2023-84,2023-311,35.1074780000,-106.5554700000
0.11478421,2023-85,2023-312,35.0923990000,-106.6021230000
0.0573921,2023-86,2023-313,35.3166460000,-106.4805110000
0.17217631,2023-87,2023-314,35.1842580000,-106.4979700000
2,2023-88,2023-315,35.1465420000,-106.2516400000
2,2023-89,2023-316,35.1021340000,-106.5855930000
2,2023-90,2023-317,35.1475370000,-106.5166330000
0.01836547,2023-91,2023-318,35.1439140000,--106.526186
0.11478421,2023-92,2023-319,35.1186460000,-106.6008390000
0.11478421,2023-93,2023-320,35.3001500000,-106.5878500000
0.11478421,2023-94,2023-321,35.0921450000,-106.5800660000
0.11478421,2023-95,2023-322,35.0939620000,-106.5938120000
0.03443526,2023-96,2023-323,35.3145160000,-106.5946640000
0.25252525,2023-97,2023-324,35.0803430000,-106.5938810000
0.25252525,2023-98,2023-325,35.1155780000,-106.6581880000
0.25252525,2023-99,2023-326,35.1263750000,-106.6491410000
0.1148,2023-100,2023-327,35.1368400000,-106.5054260000
0.17217631,2023-101,2023-328,35.1388760000,-106.7112580000
0.00229568,2023-102,2023-329,35.0943400000,-106.6647540000
0.25252525,2023-103,2023-330,35.1360890000,-106.5083680000
0.0573921,2023-104,2023-331,35.0830780000,-106.5961140000
0.50505051,2023-105,2023-332,35.3051560000,-106.5808510000
0.02295684,2023-106,2023-333,35.2184780000,-106.7020260000
0.0573921,2023-107,2023-334,35.1273020000,-106.5019970000
0.00459137,2023-108,2023-335,35.0973820000,-106.5053340000
0.50505051,2023-109,2023-336,35.0855930000,-106.5984850000
0.0573921,2023-110,2023-337,35.1443840000,-106.6541540000
0.11478421,2023-111,2023-338,35.0964850000,-106.6800380000
0.17217631,2023-112,2023-339,35.0661880000,-106.6702350000
0.25252525,2023-113,2023-340,35.0471780000,-106.6897650000
0.17217631,2023-114,2023-341,35.1584860000,-106.7051970000
0.25252525,2023-115,2023-342,35.0621280000,-106.5871480000
0.11478421,2023-116,2023-343,35.0606440000,-106.5773290000
0.00114784,2023-117,2023-344,35.0589790000,-106.5925870000
0.00459137,2023-118,2023-345,35.1357020000,-106.4963430000
0.01147842,2023-119,2023-346,35.0698140000,-106.6131180000
0.02295684,2023-120,2023-347,35.7311990000,-105.9673030000
0.01147842,2023-121,2023-348,34.9938750000,-106.6695230000
0.01147842,2023-122,2023-349,35.1229470000,-106.4971980000
0.01147842,2023-123,2023-350,35.0747520000,-106.6093060000
0.02295684,2023-124,2023-351,35.0667830000,-106.6097460000
0.01147842,2023-125,2023-352,35.1197400000,-106.5406510000
0.17217631,2023-126,2023-353,35.1030100000,-106.7542650000
0.00114784,2023-127,2023-354,35.1396270000,-106.6590200000
0.00229568,2023-128,2023-355,35.1178070000,-106.5839820000
0.00229568,2023-129,2023-356,35.0775180000,-106.6843360000
0.25252525,2023-130,2023-357,35.2289800000,-106.6489640000
0.0573921,2023-131,2023-358,35.0592760000,-106.6673520000
0.02295684,2024-1,2024-359,35.1126110000,-106.5718000000
0.50505051,2024-2,2024-360,35.1645420000,-106.7352420000
0.0573921,2024-3,2024-361,35.1853750000,-106.5458800000
0.01147842,2024-4,2024-362,35.0816000000,-106.6769000000
1.01010101,2024-5,2024-363,35.2423710000,-106.6058070000
1.01010101,2024-6,2024-364,35.1186300000,-106.5738490000
1.01010101,2024-7,2024-365,35.1211770000,-106.5782950000
0.04591368,2024-8,2024-366,35.2368040000,-106.6411660000
0.09182736,2024-9,2024-367,35.0936570000,-106.4829990000
1.01010101,2024-10,2024-368,34.9700360000,-106.3242100000
0.09182736,2024-11,2024-369,35.1639610000,-106.6545960000
2.02020202,2024-12,2024-370,35.0532460000,-106.7054560000
2,2024-13,2024-371,35.1175550000,-106.5491180000
0.11478421,2024-14,2024-372,35.0774480000,-106.6035490000
0.25252525,2024-15,2024-373,35.1677860000,-106.5037470000
0.03443526,2024-16,2024-374,35.0909660000,-106.6094810000
1.01010101,2024-17,2024-375,35.1234180000,-106.5761550000
0.0573921,2024-18,2024-376,35.2275940000,-106.6065510000
0.02295684,2024-19,2024-377,35.3073520000,-106.4596230000
1,2024-20,2024-378,35.1694820000,-106.5116930000
0.02525253,2024-21,2024-379,35.1016100000,-106.5534340000
0.98714417,2024-22,2024-380,35.0644570000,-106.5912450000
0.03443526,2024-23,2024-381,35.2022610000,-106.7493140000
0.17217631,2024-24,2024-382,35.0988450000,-106.6397000000
0.02295684,2024-25,2024-383,35.1195840000,-106.5288750000
0.02295684,2024-27,2024-384,35.0596650000,-106.5935020000
0.17217631,2024-28,2024-385,35.1233650000,-106.5723530000
0.02295684,2024-29,2024-386,35.1729460000,-106.6949410000
0.03443526,2024-30,2024-387,35.1661610000,-106.7050220000
0.02295684,2024-31,2024-388,35.0927370000,-106.5962160000
0.04591368,2024-32,2024-389,35.1453280000,-106.6518020000
0.17217631,2024-33,2024-390,35.1400810000,-106.5408990000
0.5,2024-34,2024-391,35.1741920000,-106.6907570000
0.0573921,2024-35,2024-392,35.1585710000,-106.5706390000
0.17217631,2024-36,2024-393,35.1429980000,-106.6472350000
0.03443526,2024-37,2024-394,35.1372520000,-106.5629150000
0.02295684,2024-38,2024-395,35.0634590000,-106.5966930000
0.25252525,2024-39,2024-396,35.2230910000,-106.6176850000
0.00114784,2024-40,2024-397,35.0146490000,-106.6924330000
0.11478421,2024-41,2024-398,35.1535850000,-106.6796720000
0.03443526,2024-42,2024-399,35.0721160000,-106.5805650000
1,2024-43,2024-400,35.1262660000,-106.6690960000
0.01147842,2024-44,2024-401,35.1424380000,-106.6929420000
0.3,2024-45,2024-402,35.1502210000,-106.5114780000
0.01147842,2024-46,2024-403,35.2632850000,-106.6662820000
0.02295684,2024-47,2024-404,35.0944060000,-106.4943310000
0.00459137,2024-48,2024-405,35.0712610000,-106.5961510000
0.17217631,2024-49,2024-406,35.0792030000,-106.5439640000
0.02295684,2024-50,2024-407,35.1149490000,-106.6732620000
0.11478421,2024-51,2024-408,35.0925630000,-106.5347350000
0.00459137,2024-52,2024-409,35.1219610000,-106.5370280000
0.50505051,2024-53,2024-410,35.1613680000,-106.5488560000
0.02295684,2024-54,2024-411,35.1189190000,-106.5700780000
0.03443526,2024-55,2024-412,35.1248320000,-106.6764070000
0.11478421,2024-56,2024-413,35.1225860000,-106.5547470000
0.02295684,2024-57,2024-414,35.2743050000,-106.6317780000
1.01010101,2024-58,2024-415,35.0944080000,-106.6602280000
1.0101,2024-59,2024-416,35.0920690000,-106.5911090000
0.00459137,2024-60,2024-417,35.1441380000,-106.6998320000
0.02295684,2024-61,2024-418,35.3568610000,-106.6880610000
0.01147842,2024-62,2024-419,35.1321020000,-106.5457080000
0.02295684,2024-63,2024-420,35.0943770000,-106.5706630000
0.09182736,2024-64,2024-421,35.0815160000,-106.5099880000
0.0573921,2024-65,2024-422,35.0737800000,-106.6586870000
0.17217631,2024-66,2024-423,35.2317610000,-106.6734800000
0.10330579,2024-67,2024-424,35.0419780000,-106.6914530000
0.50505051,2024-68,2024-425,35.1186230000,-106.5738590000
0.03443526,2024-69,2024-426,35.0973500000,-106.5755150000
0.11478421,2024-70,2024-427,35.1498510000,-106.5101770000
0.10330579,2024-71,2024-428,35.3057760000,-106.5831380000
0.11478421,2024-72,2024-429,35.1096640000,-106.5305120000
0.03443526,2024-73,2024-430,35.0020250000,-106.6971500000
0.25252525,2024-74,2024-431,35.0944030000,-106.4944490000
0.50505051,2024-75,2024-432,35.1346590000,-106.6368150000
0.01147842,2024-76,2024-433,35.3246030000,-106.5837050000
0.2,2024-77,2024-434,35.0978010000,-106.4952780000
0.11478421,2024-78,2024-435,35.1116360000,-106.5115690000
0.04591368,2024-79,2024-436,35.2520540000,-106.6669840000
0.01147842,2024-80,2024-437,35.1709210000,-106.5155180000
0.0573921,2024-81,2024-438,35.0742320000,-106.6155740000
0.50505051,2024-82,2024-439,35.1832210000,-106.6283710000
0.17217631,2024-83,2024-440,35.1544220000,-106.6338370000
0.20661157,2024-84,2024-441,34.9641890000,-106.6942930000
0.50505051,2024-85,2024-442,35.1618320000,-106.7107720000
1,2024-86,2024-443,35.1708730000,-106.6987940000
0.25252525,2024-87,2024-444,35.1963280000,-106.5624500000
0.02295684,2024-88,2024-445,35.1193590000,-106.5980320000
0.00459137,2024-89,2024-446,35.1640650000,-106.5347950000
0.11478421,2024-90,2024-447,35.0967300000,-106.5535170000
0.02295684,2024-91,2024-448,35.0708410000,-106.6099460000
0.11478421,2024-92,2024-449,35.0683020000,-106.6421970000
0.01147842,2024-93,2024-450,35.0483290000,-106.5085120000
0.50505051,2024-94,2024-451,35.0709840000,-106.6158910000
0.00459137,2024-95,2024-452,35.6417000000,-105.9784440000
0.04591368,2024-96,2024-453,35.0926550000,-106.6918380000
0.01147842,2024-97,2024-454,35.0735630000,-106.6865420000
0.11478421,2024-98,2024-455,35.1491590000,-106.5159250000
0.50505051,2024-99,2024-456,35.0877230000,-106.6018640000
0.01147842,2024-100,2024-457,35.3281930000,-106.4891060000
0.02295684,2024-101,2024-458,35.1117010000,-106.3298940000
1.14784206,2024-102,2024-459,35.0846900000,-106.5841700000
1,2024-103,2024-460,35.0769780000,-106.6406720000
0.11478421,2024-104,2024-461,35.1945650000,-106.6030200000
0.0573921,2024-105,2024-462,35.1657040000,-106.6144330000
0.43,2024-106,2024-463,35.1125450000,-106.7328090000
0.0573921,2024-107,2024-464,35.0839940000,-106.5023010000
0.25,2024-108,2024-465,35.0839830000,-106.6103340000
0.03443526,2024-109,2024-466,35.1472440000,-106.6944830000
0.11478421,2024-110,2024-467,35.0853340000,-106.6034680000
0.11478421,2024-111,2024-468,35.1044950000,-106.5428430000
0.0573921,2024-112,2024-469,35.0714270000,-106.6409880000
0.04017447,2024-113,2024-470,34.8557400000,-106.7065730000
0.03443526,2024-114,2024-471,35.0857666000,-106.6405144000
1.01010101,2024-115,2024-472,35.0899112000,-106.5889129000
0.02295684,2024-116,2024-473,35.0989460000,-106.6548690000
0.01836547,2024-117,2024-474,35.0899240000,-106.5888940000
0.00459137,2024-118,2024-475,35.0989740000,-106.6550130000
0.00114784,2024-119,2024-476,35.0945460000,-106.6746450000
1,2024-120,2024-477,35.1017957000,-106.6534649000
0.01147842,2024-121,2024-478,35.0991612000,-106.5878994000
0.02754821,2024-122,2024-479,35.1568490000,-106.5532390000
0.01147842,2024-123,2024-480,35.0991570000,-106.5879160000
0.09182736,2024-124,2024-481,35.1570380000,-106.5533850000
0.01147842,2024-125,2024-482,35.1898760000,-106.6859770000
0.03443526,2024-126,2024-483,34.8190040000,-106.7856160000
0.17217631,2024-127,2024-484,34.9876515000,-106.6770464000
0.00041322,2024-128,2024-485,35.1262990000,-106.6821360000
1,2024-129,2024-486,35.2422829000,-106.7166626000
0.02295684,2024-130,2024-487,35.0744068000,-106.6419544000
0.02295684,2024-131,2024-488,35.0653330000,-106.6019618000
0.04591368,2024-132,2024-489,,
0.09182736,2024-133,2024-490,35.1378884000,-106.6476162000
0.02295684,2024-134,2024-491,34.6532458000,-106.7213331000
0.02295684,2024-135,2024-492,35.0919435000,-106.5905289000
0.11478421,2024-136,2024-493,35.0989437000,-106.7338885000
0.04591368,2024-137,2024-494,35.1031198000,-106.1699512000
0.11478421,2024-138,2024-495,35.0989384000,-106.5929250000
0.03443526,2024-139,2024-496,35.1704363000,-106.6403578000
0.02295684,2024-140,2024-497,35.0792358000,-106.6256089000
0.25252525,2024-141,2024-498,35.0299388000,-106.7427371000
0.00229568,2024-142,2024-499,35.0227600000,-106.6855280000
0.02295684,2024-143,2024-500,35.1515338000,-106.6395164000
0.50505051,2024-144,2024-501,35.1460142000,-106.6939745000
0.50505051,2024-145,2024-502,35.0671900000,-106.5829615000
0.02295684,2024-146,2024-503,35.1029082000,-106.5559139000
0.03443526,2024-146,2024-504,35.1428580000,-106.6420490000
0.17217631,2024-148,2024-505,35.1163325000,-106.5482164000
0.50505051,2024-149,2024-506,35.0465496000,-106.6681419000
0.11478421,2024-150,2024-507,35.2556740000,-106.6877170000
0.01147842,2024-151,2024-508,35.0911860000,-106.5437030000
0.01147842,2024-152,2024-509,35.1276174000,-106.6505442000
0.11478421,2024-153,2024-510,32.7840380000,-108.2685820000
0.02295684,2024-154,2024-511,35.3134798000,-106.4925050000
0.09182736,2024-155,2024-512,35.1618376000,-106.6399753000
1.5,2024-156,2024-513,35.1077232000,-106.5829880000
0.50505051,2024-157,2024-514,35.2957353000,-106.6716242000
0.02295684,2024-158,2024-515,35.0761120000,-106.6584528000
0.02295684,2024-159,2024-516,35.1459706000,-106.6616549000
0.03443526,2024-160,2024-517,35.0872397000,-106.5366605000
0.04591368,2024-161,2024-518,35.1068238000,-106.7159327000
0.00459137,2024-162,2024-519,35.1009258000,-106.6141676000
0.01147842,2024-163,2024-520,35.1925145000,-106.6942929000
0.04591368,2024-164,2024-521,35.2690935000,-106.6521621000
0.25252525,2024-165,2024-522,35.1479200000,-106.7048380000
0.03443526,2024-166,2024-523,35.0838646000,-106.6030152000
0.04591368,2024-167,2024-524,35.0733221000,-106.6021841000
0.01147842,2024-168,2024-525,35.2234501000,-106.6767534000
0.17217631,2024-169,2024-526,35.0806067000,-106.6436723000
0.34435262,2024-170,2024-527,35.0696078000,-106.6983124000
0.01147842,2024-171,2024-528,35.1003946000,-106.6211759000
0.0573921,2024-172,2024-529,35.0697540000,-106.6982030000
0.11478421,2024-173,2024-530,35.0681426000,-106.6129824000
0.08034894,2024-174,2024-531,35.1002246000,-106.5873170000
0.02066116,2024-175,2024-532,35.2918307000,-106.5901882000
0.04591368,2024-176,2024-533,35.1002360000,-106.5873310000
0.09182736,2024-177,2024-534,35.2919340000,-106.5900060000
0.50505051,2024-178,2024-535,35.0934926000,-106.6582904000
0.50505051,2024-179,2024-536,35.2365296000,-106.6930960000
0.02295684,2024-180,2024-537,35.0672149000,-106.6101428000
0.03443526,2024-181,2024-538,35.0796711000,-106.7020581000
0.03443526,2024-182,2024-539,35.0631264000,-106.6162844000
0.06887052,2024-183,2024-540,35.0239626000,-106.6904647000
0.0573921,2024-184,2024-541,32.6594374000,-105.6872498000
0.25252525,2024-185,2024-542,35.0821416000,-106.5897858000
0.02295684,2024-186,2024-543,35.1166961000,-106.5125285000
0.02295684,2024-187,2024-544,35.1118600000,-106.5755291000
0.0573921,2024-188,2024-545,35.1083500000,-106.7487700000
0.11478421,2024-189,2024-546,35.2610443000,-106.7050047000
0.08264463,2025-1,2025-547,35.1048400000,-106.4979800000
0.50505051,2025-2,2025-548,35.1178252000,-106.5709199000
0.02295684,2025-3,2025-549,35.1619196000,-106.5623368000
0.04889807,2025-4,2025-550,35.1178440000,-106.5709060000
0.03443526,2025-5,2025-551,35.0847916000,-106.6678443000
0.04894399,2025-6,2025-552,35.1262030000,-106.6753950000
0.04896694,2025-7,2025-553,35.0618302000,-106.5913773000
0.02295684,2025-8,2025-554,35.0653330000,-106.6019618000
0.03443526,2025-9,2025-555,35.2169344000,-106.6177816000
0.04591368,2025-10,2025-556,35.1286048000,-106.3651497000
1,2025-11,2025-557,35.0898516000,-106.6575686000
0.11478421,2025-12,2025-558,35.1191393000,-106.4960065000
0.20087236,2025-13,2025-559,35.0913379000,-106.5985932000
0.25252525,2025-14,2025-560,35.1073448000,-106.7194242000
0.11478421,2025-15,2025-561,35.0936533000,-106.5387789000
0.17217631,2025-16,2025-562,35.0963364000,-106.6563809000
0.0573921,2025-17,2025-563,35.1206457000,-106.6849949000
0.03443526,2025-18,2025-564,35.2703821000,-106.6521442000
0.0573921,2025-19,2025-565,35.1168712000,-106.5675597000
0.35,2025-20,2025-566,35.2153661000,-106.6530766000
0.02295684,2025-21,2025-567,35.1567625000,-106.7151244000
0.16069789,2025-22,2025-568,35.2151370000,-106.6531850000
0.02295684,2025-23,2025-569,35.2091910000,-106.6977692000
2,2025-24,2025-570,35.0856480000,-106.5908980000
0.01147842,2025-25,2025-571,35.2090660000,-106.6980660000
1,2025-26,2025-572,35.0856480000,-106.5908980000
0.50505051,2025-27,2025-573,35.0723820000,-106.6156840000
0.01836547,2025-28,2025-574,35.0838167000,-106.6105928000
0.0573921,2025-29,2025-575,35.0723820000,-106.6156840000
0.0573921,2025-30,2025-576,35.0969293000,-106.5882227000
0.50505051,2025-31,2025-577,35.0963526000,-106.6799486000
0.11478421,2025-32,2025-578,35.0943924000,-106.6744240000
0.25252525,2025-33,2025-579,35.0943913000,-106.6744044000
0.04843893,2025-34,2025-580,35.0945440000,-106.6746460000
0.04084022,2025-35,2025-581,35.0945550000,-106.6745760000
0.00041322,2025-36,2025-582,35.1246318000,-106.6660067000
0.17217631,2025-37,2025-583,35.0897408000,-106.6616116000
0.02295684,2025-38,2025-584,35.0933350000,-106.6734229000
0.02295684,2025-39,2025-585,35.1441439000,-106.5135559000
0.02295684,2025-40,2025-586,35.1412684000,-106.6536757000
0.11478421,2025-41,2025-587,35.1444160000,-106.5136330000
0.75,2025-42,2025-588,35.0939076000,-106.5131391000
0.02295684,2025-43,2025-589,34.9893294220,-106.6964822264
0.02295684,2025-44,2025-590,35.0711660000,-106.5960200000
0.02295684,2025-45,2025-591,34.9892580000,-106.6965240000
0.02295684,2025-46,2025-592,35.0712620000,-106.5961510000
0.02295684,2025-47,2025-593,35.1333874000,-106.5409805000
0.75,2025-48,2025-594,35.2896978000,-106.6066814000
0.03443526,2025-49,2025-595,35.0776539000,-106.6531969000
0.02295684,2025-50,2025-596,35.0928574000,-106.6694979000
0.02295684,2025-51,2025-597,35.1000378000,-106.6840222000
0.02295684,2025-52,2025-598,35.1132540000,-106.7383520000
0.00918274,2025-53,2025-599,35.1712632000,-106.5167454000
0.02295684,2025-54,2025-600,35.2211722000,-106.6463599000
1,2025-55,2025-601,35.0969089000,-106.5840372000
1,2025-56,2025-602,35.2212400000,-106.6466190000
0.11478421,2025-57,2025-603,35.0750556000,-106.6073679000
0.25252525,2025-58,2025-604,35.1419750000,-106.5108620000
0.02984389,2025-59,2025-605,35.1014669000,-106.6153459000
0.03443526,2025-60,2025-606,35.0824300000,-106.5649870000
0.0573921,2025-61,2025-607,35.1773741000,-106.5730540000
0.02295684,2025-62,2025-608,35.0826896000,-106.6103340000
0.0573921,2025-63,2025-609,35.0915153000,-106.5417004000
0.02295684,2025-64,2025-610,35.1001872000,-106.6723062000
0.02295684,2025-65,2025-611,35.0911990000,-106.5423760000
0.11478421,2025-66,2025-612,35.1001130000,-106.6733210000
0.02295684,2025-67,2025-613,35.2388690000,-106.6790890000
0.02295684,2025-68,2025-614,35.2413916000,-106.5918680000
0.02295684,2025-69,2025-615,35.2640200000,-106.6632280000
1,2025-70,2025-616,35.1458947000,-106.4945108000
0.03443526,2025-71,2025-617,35.2152570000,-106.7209810000
0.08034894,2025-72,2025-618,35.1250040000,-106.6780720000
0.02295684,2025-73,2025-619,35.0596698000,-106.5742506000
0.11478421,2025-74,2025-620,35.0597348000,-106.5742502000
0.11478421,2025-75,2025-621,35.1273199000,-106.5762368000
0.11478421,2025-76,2025-622,35.0645611000,-106.6164883000
0.25252525,2025-77,2025-623,35.1272680000,-106.5762690000
0.25252525,2025-78,2025-624,35.2171431000,-106.6546233000
0.02295684,2025-79,2025-625,35.0745440000,-106.5083580000
1,2025-80,2025-626,35.2155540000,-106.6513510000
0.02295684,2025-81,2025-627,35.0854083000,-106.6096865000
0.25252525,2025-82,2025-628,35.1808170000,-106.6787440000
0.01147842,2025-83,2025-629,35.0853590000,-106.6096800000
0.50505051,2025-84,2025-630,35.0980878000,-106.5913608000
0.50505051,2025-85,2025-631,35.2342144000,-106.6689446000
0.17217631,2025-86,2025-632,35.0980940000,-106.5913740000
0.25252525,2025-87,2025-633,35.2308130000,-106.6706150000
0.02295684,2025-88,2025-634,35.1298280000,-106.6590750000
2,2025-89,2025-635,35.1208282000,-106.6842858000
0.02295684,2025-90,2025-636,35.1614985000,-106.4832061000
0.25252525,2025-91,2025-637,35.0651681000,-106.6033246000
1,2025-92,2025-638,35.1601680000,-106.4813560000
0.17217631,2025-93,2025-639,35.0649800000,-106.6031180000
0.17217631,2025-94,2025-640,35.0852617000,-106.5799613000
3.5,2025-95,2025-641,35.1839620000,-106.3399180000
0.0573921,2025-96,2025-642,35.1139325000,-106.6722263000
0.1010101,2025-97,2025-643,35.1568970000,-106.7022770000
0.00229568,2025-98,2025-644,35.0926698000,-106.6005653000
0.00459137,2025-99,2025-645,35.0757210000,-106.6167100000
0.03443526,2025-100,2025-646,35.2888998000,-106.5954172000
0.02295684,2025-101,2025-647,35.1223627000,-106.7209524000
0.25252525,2025-102,2025-648,35.2894900000,-106.5945150000
0.03443526,2025-103,2025-649,35.1224100000,-106.7210910000
0.02295684,2025-104,2025-650,35.0913020000,-106.5800140000
1,2025-105,2025-651,35.1743028000,-106.6258943000
0.02295684,2025-106,2025-652,35.1729760000,-106.6369050000
0.5,2025-107,2025-653,35.1743530000,-106.6273000000
0.02571166,2025-108,2025-654,35.1653391000,-106.4994930000
0.02295684,2025-109,2025-655,35.1460890000,-106.5364480000
0.4,2025-110,2025-656,35.1509254000,-106.6531609000
0.0573921,2025-111,2025-657,35.1251660000,-106.6784320000
0.01147842,2025-112,2025-658,35.1513580000,-106.6526120000
0.50505051,2025-113,2025-659,35.1001608000,-106.7245036000
0.02295684,2025-114,2025-660,35.0967300000,-106.5535170000
0.00459137,2025-115,2025-661,35.1243895000,-106.6708134000
0.02295684,2025-116,2025-662,35.0756100000,-106.5007740000
0.25252525,2025-117,2025-663,35.1247430000,-106.6703700000
0.02295684,2025-118,2025-664,35.1152680000,-106.5769090000
0.02295684,2025-119,2025-665,35.0803430000,-106.5938810000
0.01101928,2025-120,2025-666,35.1205341000,-106.6837756000
0.02295684,2025-121,2025-667,35.3139820000,-106.7085180000
0.3,2025-122,2025-668,35.1603051000,-106.4866747000
0.50505051,2025-123,2025-669,35.0708480000,-106.5787060000
0.50505051,2025-124,2025-670,35.0869856000,-106.6089892000
0.02295684,2025-125,2025-671,35.1276993000,-106.6565628000
0.0573921,2025-126,2025-672,35.1155616000,-106.5416787000
0.11478421,2025-127,2025-673,35.1266268000,-106.6787498000
0.02295684,2025-128,2025-674,35.1208612000,-106.5743993000
0.25252525,2025-129,2025-675,35.1170615000,-106.6548096000
0.01147842,2025-130,2025-676,35.1223108000,-106.6855080000
0.5,2025-131,2025-677,35.0691994000,-106.5907115000
0.02295684,2025-132,2025-678,35.1226050000,-106.6851860000
0.01147842,2025-133,2025-679,35.0690500000,-106.5902030000
0.02295684,2025-134,2025-680,,
0.02295684,2025-135,2025-681,35.0920450000,-106.5809152000
0.02295684,2025-136,2025-682,35.2372480000,-106.6071130000
0.03443526,2025-137,2025-683,35.0778505000,-106.4925477000
0.08034894,2025-138,2025-684,35.1439830000,-106.6644120000
0.25252525,2025-139,2025-685,35.0961931000,-106.6105964000
0.11478421,2025-140,2025-686,35.0722560000,-106.5935520000
0.01536272,2025-141,2025-687,35.0427340000,-106.6754870000
0.02295684,2025-142,2025-688,35.1341220000,-106.5795540000
0.02295684,2025-143,2025-689,35.1265758000,-106.6562730000
0.03443526,2025-144,2025-690,35.1369014000,-106.3239807000
0.50505051,2025-145,2025-691,35.0666530000,-106.6027190000
6.5,2025-146,2025-692,35.1137113000,-106.7097199000
0.50505051,2025-147,2025-693,35.0664980000,-106.6027410000
0.03443526,2025-148,2025-694,35.1425689000,-106.6941323000
0.02295684,2025-149,2025-695,35.1221653000,-106.6750810000
0.00114784,2025-150,2025-696,35.1423830000,-106.6939880000
0.1,2025-151,2025-697,35.1226410000,-106.6761390000
0.02295684,2025-152,2025-698,35.1455620000,-106.5368810000
0.17217631,2025-153,2025-699,35.1198890000,-106.5526090000
0.03443526,2025-154,2025-700,35.6451870000,-106.3401130000
0.02295684,2025-155,2025-701,35.0978980000,-106.5748200000
0.0573921,2025-156,2025-702,35.0970720000,-106.6809870000
0.02295684,2025-157,2025-703,35.0984560000,-106.5656350000
0.02295684,2025-158,2025-704,35.1341540000,-106.5657910000
0.25252525,2025-159,2025-705,35.2001560000,-106.7154220000
0.02295684,2025-160,2025-706,35.1400400000,-106.5394560000
0.02295684,2025-161,2025-707,35.0953010000,-106.5270050000
0.02295684,2025-162,2025-708,35.1002120000,-106.5413180000
0.02295684,2025-163,2025-709,35.0975460000,-106.6025110000
1.01010101,2025-164,2025-710,35.1209370000,-106.6764410000
0.0573921,2025-165,2025-711,34.8207800000,-106.7254240000
0.02295684,2025-166,2025-712,34.8025400000,-106.7233000000
0.02295684,2025-167,2025-713,35.0469220000,-106.5124290000
0.98714417,2025-168,2025-714,34.8207800000,-106.7254240000
0.02295684,2025-169,2025-715,35.0627080000,-106.7507060000
0.02295684,2025-170,2025-716,35.0992640000,-106.6556730000
0.03443526,2025-171,2025-717,35.0900910000,-106.6002930000
1,2025-172,2025-718,35.1686300000,-106.5006570000
0.02295684,2025-173,2025-719,34.6528610000,-106.5982780000
0.02295684,2025-174,2025-720,35.0839860000,-106.5894310000
0.02295684,2025-175,2025-721,35.0716090000,-106.5901180000
0.50505051,2025-176,2025-722,35.1284350000,-106.6797150000
0.02295684,2025-177,2025-723,35.1379440000,-106.4958150000
0.03443526,2025-178,2025-724,35.1011740000,-106.5850540000
0.02295684,2025-179,2025-725,35.1503010000,-106.5692400000
0.11478421,2025-180,2025-726,35.1292520000,-106.6464230000
0.02295684,2025-181,2025-727,35.1340000000,-106.6473180000
0.02295684,2025-182,2025-728,35.1022470000,-106.7176210000
0.02295684,2025-183,2025-729,35.1106400000,-106.7138760000
0.02295684,2025-184,2025-730,35.0575830000,-106.5021280000
0.02295684,2025-185,2025-731,35.1951950000,-106.6326400000
0.02295684,2025-186,2025-732,35.1019860000,-106.6853080000
0.02295684,2025-187,2025-733,35.1556890000,-106.6118820000
0.02295684,2025-188,2025-734,35.1309860000,-106.6482440000
0.02295684,2025-189,2025-735,35.1467970000,-106.6924610000
0.02295684,2025-190,2025-736,35.1238580000,-106.6619940000
0.11478421,2025-191,2025-737,35.1523560000,-106.6437920000
0.02295684,2025-192,2025-738,35.1527800000,-106.6622110000
0.03443526,2025-193,2025-739,35.0268890000,-106.7327470000
0.0573921,2025-194,2025-740,35.1629250000,-106.6096500000
0.0573921,2026-1,2026-741,35.1361350000,-106.6458180000
0.02295684,2026-2,2026-742,35.0795240000,-106.3878900000
0.11478421,2026-3,2026-743,35.1110870000,-106.5023690000
0.11478421,2026-4,2026-744,35.3496770000,-106.6133490000
1.01010101,2026-5,2026-745,35.2891180000,-106.6341540000
0.01147842,2026-6,2026-746,35.2023410000,-106.6102280000
0.02295684,2026-7,2026-747,35.0800320000,-106.4956240000
0.11478421,2026-8,2026-748,35.1268570000,-106.5964330000
0.02295684,2026-9,2026-749,35.1144380000,-106.5535400000
0.02295684,2026-10,2026-750,35.1862150000,-106.5452970000
0.02295684,2026-11,2026-751,35.1227280000,-106.5466590000
0.02295684,2026-12,2026-752,35.1253080000,-106.5110240000
0.03443526,2026-13,2026-753,35.1238300000,-106.5000630000
0.50505051,2026-14,2026-754,35.1208150000,-106.6781700000
0.06887052,2026-15,2026-755,35.0827910000,-106.6123140000
0.50505051,2026-16,2026-756,35.0603170000,-106.6712670000
0.11478421,2026-17,2026-757,35.0017000000,-106.6638230000
0.02295684,2026-18,2026-758,35.0543780000,-106.5692630000
0.50505051,2026-19,2026-759,35.0671440000,-106.4434850000
0.25252525,2026-20,2026-760,35.1309470000,-106.6736830000
0.02295684,2026-21,2026-761,35.0841480000,-106.4965020000
0.03443526,2026-22,2026-762,35.1075500000,-106.6789530000
0.02295684,2026-23,2026-763,35.1628220000,-106.5374250000
0.02295684,2026-24,2026-764,35.1019860000,-106.6853080000
0.0573921,2026-25,2026-765,35.1071270000,-106.7497750000
0.25252525,2026-26,2026-766,35.1988850000,-106.6728970000
0.02295684,2026-27,2026-767,35.1641570000,-106.3360610000
0.02295684,2026-28,2026-768,35.1014360000,-106.7173790000
0.00068871,2026-29,2026-769,35.0819340000,-106.6603090000
0.02295684,2026-30,2026-770,35.0867000000,-106.6582830000
0.02295684,2026-31,2026-771,35.1320380000,-106.5417050000
0.02295684,2026-32,2026-772,35.1433150000,-106.6707570000
0.86,2026-33,2026-773,35.2548650000,-106.6289240000
0.50505051,2026-34,2026-774,35.1307760000,-106.6733090000
0.03443526,2026-35,2026-775,35.1317320000,-106.6601760000
0.02295684,2026-36,2026-776,34.9894720000,-106.3316760000
0.02295684,2026-37,2026-777,35.1201160000,-106.522884°
0.98714417,2026-38,2026-778,34.8275580000,-106.6871840000
0.02295684,2026-39,2026-779,35.0882720000,-106.5904970000
0.02295684,2026-40,2026-780,35.0653390000,-106.6134650000
0.02295684,2026-41,2026-781,35.1530470000,-106.6336500000
0.00229568,2026-42,2026-782,34.9980190000,-106.7114540000
1.25,2026-43,2026-783,35.2315290000,-106.5958010000
0.50505051,2026-44,2026-784,34.8496040000,-106.6924850000
0.02295684,2026-45,2026-785,35.1249980000,-106.5370960000
0.02295684,2026-46,2026-786,35.0576080000,-106.7147310000
0.00229568,2026-47,2026-787,35.1352870000,-106.6461210000
0.02295684,2026-48,2026-788,34.9885330000,-106.7063760000
0.02295684,2026-49,2026-789,35.1613170000,-106.3230810000
0.02295684,2026-50,2026-790,35.1548040000,-106.6324330000
0.01147842,2026-51,2026-791,35.1412910000,-106.5342850000
0.01147842,2026-52,2026-792,35.0962810000,-106.5702780000
0.02295684,2026-53,2026-793,35.0924070000,-106.7372370000
0.02295684,2026-54,2026-794,35.0963230000,-106.5229880000
0.02295684,2026-55,2026-795,34.9879530000,-106.0899390000
0.02295684,2026-56,2026-796,35.0909820000,-106.6614570000
0.02295684,2026-57,2026-797,35.1912590000,-106.6794310000
0.02295684,2026-58,2026-798,35.0950410000,-106.5077810000
0.02295684,2026-59,2026-799,35.0777070000,-106.5650240000
0.02295684,2026-60,2026-800,35.0283910000,-106.6627130000
0.02295684,2026-61,2026-801,35.0916500000,-106.6145150000
0.02295684,2026-62,2026-802,35.0573070000,-106.6697910000
0.02295684,2026-63,2026-803,35.0715330000,-106.5777490000
0.02295684,2026-64,2026-804,35.0852090000,-106.5562170000
0.02295684,2026-65,2026-805,35.1704010000,-106.6404410000
0.02295684,2026-66,2026-806,35.0955330000,-106.5726100000
0.02295684,2026-67,2026-807,32.7851550000,-108.2841930000
0.03443526,2026-68,2026-808,35.0973650000,-106.5710530000
0.50505051,2026-69,2026-809,34.7293570000,-106.6687660000
0.0573921,2026-70,2026-810,34.7308810000,-106.6722040000
0.02295684,2026-71,2026-811,35.0687590000,-106.6069830000
0.01147842,2026-72,2026-812,35.0669480000,-106.5717240000
0.50505051,2026-73,2026-813,35.1518830000,-106.6442960000
0.02295684,2026-74,2026-814,35.1622490000,-106.5433670000
0.02295684,2026-75,2026-815,35.1152280000,-106.5810690000
0.02295684,2026-76,2026-816,35.1535590000,-106.7027190000
0.25252525,2026-77,2026-817,35.0690790000,-106.6979900000
0.02295684,2026-78,2026-818,35.1620320000,-106.5630800000
0.17217631,2026-79,2026-819,35.0719140000,-106.5891940000
0.17217631,2026-80,2026-820,35.1488400000,-106.6476590000
0.11478421,2026-81,2026-821,35.0659730000,-106.6163410000
0.02295684,2026-82,2026-822,34.8089550000,-106.6768920000
0.02295684,2026-83,2026-823,35.0245420000,-106.6873320000
0.02295684,2026-84,2026-824,35.1003680000,-106.6968600000
0.02295684,2026-85,2026-825,35.0955790000,-106.5360460000
2.02020202,2026-86,2026-826,35.1656920000,-106.3219240000
0.02295684,2026-87,2026-827,35.1668640000,-106.3365230000
0.02295684,2026-88,2026-828,35.1118490000,-106.5877340000
0.02295684,2026-89,2026-829,35.2491710000,-106.7458310000
0.02295684,2026-90,2026-830,35.0845430000,-106.6283130000
0.11478421,2026-91,2026-831,35.1769210000,-106.5330470000
0.11478421,2026-92,2026-832,35.0798340000,-106.6631300000
0.02295684,2026-93,2026-833,35.1679910000,-106.6298530000
0.02295684,2026-94,2026-834,35.1099830000,-106.5004560000
0.02295684,2026-95,2026-835,35.1034740000,-106.7518840000
0.02295684,2026-96,2026-836,35.1509570000,-106.6538750000
0.01147842,2026-97,2026-837,35.1388750000,-106.6733470000
0.00229568,2026-98,2026-838,35.0722890000,-106.6155130000
0.0573921,2026-99,2026-839,35.0992010000,-106.5894240000
0.11478421,2026-100,2026-840,35.1149610000,-106.7103820000
0.18778696,2026-101,2026-841,35.1148580000,-106.5408310000
0.00459137,2026-102,2026-842,35.0834970000,-106.6040220000
0.02295684,2026-103,2026-843,35.1499050000,-106.5171120000
0.00229568,2026-104,2026-844,34.8197140000,-106.7872890000
0.25252525,2026-105,2026-845,35.0912370000,-106.6072190000
0.01147842,2026-106,2026-846,35.1182980000,-106.5835270000
0.0573921,2026-107,2026-847,35.0488620000,-106.5076490000
0.0573921,2026-108,2026-848,35.0835030000,-106.6034930000
0.11478421,2026-109,2026-849,35.1378790000,-106.5236460000
0.11478421,2026-110,2026-850,35.0963520000,-106.6110950000
0.5,2026-111,2026-851,35.2221130000,-106.6043620000
0.5,2026-112,2026-852,35.2220820000,-106.6043250000
0.02295684,2026-113,2026-853,35.0918880000,-106.5748840000
0.03443526,2026-114,2026-854,35.0876440000,-106.4861200000
0.13774105,2026-115,2026-855,35.1338830000,-106.6457960000
0.00229568,2026-116,2026-856,35.0835460000,-106.6612280000
0.25252525,2026-117,2026-857,35.1116230000,-106.5535400000
0.00459137,2026-118,2026-858,35.1215640000,-106.5640200000
0.0573921,2026-119,2026-859,35.0975150000,-106.5714140000
0.02295684,2026-120,2026-860,35.1032030000,-106.3329450000
0.02295684,2026-121,2026-861,35.0739810000,-106.6583630000
0.02295684,2026-122,2026-862,35.3189150000,-106.5852050000
0.00459137,2026-123,2026-863,35.1027680000,-106.6667660000
0.02295684,2026-124,2026-864,35.1152970000,-106.1800200000
0.02295684,2026-125,2026-865,35.7242160000,-105.9987470000
0.00114784,2026-126,2026-866,35.1328970000,-106.5162600000
0.02295684,2026-127,2026-867,34.9618150000,-106.7054830000
0.02295684,2026-128,2026-868,35.1645500000,-106.3222900000
0.02295684,2026-129,2026-869,34.9828590000,-106.3369570000
0.25252525,2026-130,2026-870,35.1388800000,-106.6733610000
0.75757576,2026-131,2026-871,35.0640580000,-106.4444180000
0.02295684,2026-132,2026-872,35.2213290000,-106.6099490000
0.03443526,2026-133,2026-873,35.0783950000,-106.6105450000
0.02295684,2026-134,2026-874,35.2150430000,-106.3647020000
0.17217631,2026-135,2026-875,35.6543710000,-105.9651970000
0.01147842,2026-136,2026-876,35.1333560000,-106.6419080000
0.00459137,2026-137,2026-877,35.3139310000,-106.5647970000
0.00459137,2026-138,2026-878,35.6784500000,-105.9231650000
0.02295684,2026-139,2026-879,35.0996820000,-106.5404820000
0.25252525,2026-140,2026-880,35.6984930000,-105.9253710000
0.02295684,2026-141,2026-881,35.0946490000,-106.6754800000
0.02295684,2026-142,2026-882,35.2422240000,-106.6412240000
0.02295684,2026-143,2026-883,35.1274160000,-106.6824010000
0.00000528,2026-144,2026-884,35.2148210000,-106.6734940000
0.02295684,2026-145,2026-885,35.0689740000,-106.5998240000
0.00006887,2026-146,2026-886,35.0907190000,-106.2141110000
0.02295684,2026-147,2026-887,35.1249980000,-106.5370960000
0.0573921,2026-148,2026-888,35.3362510000,-106.4897130000
0.11478421,2026-149,2026-889,35.0683210000,-106.4846010000
0.02295684,2026-150,2026-890,35.0809810000,-106.5992450000
0.02295684,2026-151,2026-891,35.1826340000,-106.6264570000
0.02295684,2026-152,2026-892,35.3658750000,-106.6547060000
0.02295684,2026-153,2026-893,35.1802460000,-106.4968090000
0.03443526,2026-154,2026-894,35.0898960000,-106.5984840000
0.50505051,2026-155,2026-895,35.1676510000,-106.6310830000
0.17217631,2026-156,2026-896,35.1224970000,-106.5135270000
0.25252525,2026-157,2026-897,35.1631030000,-106.4905910000
0.02295684,2026-158,2026-898,35.0634590000,-106.5966930000
0.00459137,2026-159,2026-899,35.0805100000,-106.6558530000
0.02295684,2026-160,2026-900,35.1222370000,-106.5975000000
0.25252525,2026-161,2026-901,35.1158710000,-106.4901630000
0.0573921,2026-162,2026-902,35.2629280000,-106.6480840000
0.11478421,2026-163,2026-903,35.1157590000,-106.6518030000
0.03443526,2026-164,2026-904,35.0995930000,-106.5236840000
0.0573921,2026-165,2026-905,35.1647950000,-106.5402120000
0.17217631,2026-166,2026-906,35.6809380000,-105.9534400000
0.34435262,2026-167,2026-907,34.7673940000,-106.7613220000
0.11478421,2026-168,2026-908,35.0859180000,-106.5655860000
0.17217631,2026-169,2026-909,35.0762100000,-106.6289170000
0.98714417,2026-170,2026-910,35.2084490000,-106.7298220000
0.98714417,2026-171,2026-911,35.0735530000,-106.6256380000
0.03443526,2026-172,2026-912,35.0929170000,-106.5387500000
0.16069789,2026-173,2026-913,35.0997110000,-106.5891160000
0.02295684,2026-174,2026-914,35.2758720000,-106.6928110000
0.23875115,2026-175,2026-915,35.0856340000,-106.6142480000
0.02295684,2026-176,2026-916,35.1577610000,-106.3582440000
0.02295684,2026-177,2026-917,34.8297190000,-106.7473310000
0.02295684,2026-178,2026-918,35.0846110000,-106.6103900000
0.25252525,2026-179,2026-919,35.3365560000,-106.4908390000
0.02295684,2026-180,2026-920,35.2513910000,-106.6780900000
0.02295684,2026-181,2026-921,35.1145520000,-106.5977750000
0.02295684,2026-182,2026-922,35.0894240000,-106.6039800000
0.17217631,2026-183,2026-923,35.0899570000,-106.5980140000
0.02295684,2026-184,2026-924,35.5302530000,-105.9308620000
0.02295684,2026-185,2026-925,35.3194450000,-106.5088380000
0.02295684,2026-186,2026-926,35.3220670000,-106.5996490000
0.02295684,2026-187,2026-927,35.0899440000,-106.6018030000
0.02295684,2026-188,2026-928,35.1340500000,-106.4899320000
0.02295684,2026-189,2026-929,35.0856290000,-106.5971140000
0.02295684,2026-190,2026-930,35.1658930000,-106.7093740000
0.02295684,2026-191,2026-931,35.0797320000,-106.4845800000
0.02295684,2026-192,2026-932,35.0835100000,-106.6610180000
0.02295684,2026-193,2026-933,35.1273060000,-106.6495010000
0.02295684,2026-194,2026-934,35.1448270000,-106.5054300000
0.02295684,2026-195,2026-935,35.0843810000,-106.5518180000
0.02295684,2026-196,2026-936,35.1094930000,-106.5445280000
0.02295684,2026-197,2026-937,35.1159780000,-106.5918850000
0.02295684,2026-198,2026-938,35.1498480000,-106.6297940000
0.02295684,2026-199,2026-939,35.1272730000,-106.5016570000
0.02295684,2026-200,2026-940,34.9899580000,-106.6949460000
0.02295684,2026-201,2026-941,35.1539930000,-106.5048560000
0.02295684,2026-202,2026-942,35.0722820000,-106.6167910000
0.02295684,2026-203,2026-943,35.0650510000,-106.5002490000
0.02295684,2026-204,2026-944,35.0832200000,-106.6588410000
0.02295684,2026-205,2026-945,35.0742780000,-106.5997420000
0.02295684,2026-206,2026-946,35.2080900000,-106.7011610000
0.02295684,2026-207,2026-947,35.2084180000,-106.7265290000
0.02295684,2026-208,2026-948,35.2084180000,-106.7265290000